rho=0;
sigma_x=1;
sigma_y=1;
x_0=5.49256751479356;
y_0=8.89736786825938;
x_T=5.48980514735878;
y_T=8.9061358997227;
t=1;
a=5.48980514735878;
b=5.49462402845266;
c=8.89731311407134;
d=8.9073551477171;
rho=0;
sigma_x=1;
sigma_y=1;
x_0=5.4915376698184;
y_0=8.90343473106129;
x_T=5.49211450954352;
y_T=8.90484730094643;
t=1;
a=5.48769727529736;
b=5.49310257418191;
c=8.90211539829307;
d=8.90746342687513;
rho=0;
sigma_x=1;
sigma_y=1;
x_0=5.48848307323093;
y_0=8.90484730094643;
x_T=5.48292798061688;
y_T=8.90072617994813;
t=1;
a=5.48205457084006;
b=5.48906168128385;
c=8.89610896429087;
d=8.90570200425118;
rho=0;
sigma_x=1;
sigma_y=1;
x_0=5.48566795238379;
y_0=8.90072617994813;
x_T=5.48939217246709;
y_T=8.90257802035851;
t=1;
a=5.48296953036634;
b=5.49009407798529;
c=8.89764132765191;
d=8.90374727463264;
rho=0;
sigma_x=1;
sigma_y=1;
x_0=5.48939217246709;
y_0=8.90257802035851;
x_T=5.49046546353011;
y_T=8.90517298518338;
t=1;
a=5.48794547784276;
b=5.49223807154119;
c=8.901679754588;
d=8.90761234131913;
rho=0;
sigma_x=1;
sigma_y=1;
x_0=5.49046546353011;
y_0=8.90517298518338;
x_T=5.48972255033301;
y_T=8.89970348277512;
t=1;
a=5.484174357988;
b=5.49120788705981;
c=8.89628691860735;
d=8.90746342687513;
rho=0;
sigma_x=1;
sigma_y=1;
x_0=5.49429526211993;
y_0=8.89970348277512;
x_T=5.49720918756899;
y_T=8.91151644589249;
t=1;
a=5.49429526211993;
b=5.49798754939159;
c=8.89970348277512;
d=8.91450516594165;
rho=0;
sigma_x=1;
sigma_y=1;
x_0=5.49725020553929;
y_0=8.91151644589249;
x_T=5.49888804882722;
y_T=8.91104443924242;
t=1;
a=5.49618411416547;
b=5.4994197992528;
c=8.909748634565;
d=8.91303887350952;
rho=0;
sigma_x=1;
sigma_y=1;
x_0=5.49888804882722;
y_0=8.91104443924242;
x_T=5.50354130841465;
y_T=8.9063120786395;
t=1;
a=5.49843790251839;
b=5.50520958134173;
c=8.90433135635062;
d=8.91190735533923;
rho=0;
sigma_x=1;
sigma_y=1;
x_0=5.50317474424875;
y_0=8.9063120786395;
x_T=5.50341913528866;
y_T=8.90978919305095;
t=1;
a=5.50260425116423;
b=5.50496563159916;
c=8.90629851232698;
d=8.91279648488956;
rho=0;
sigma_x=1;
sigma_y=1;
x_0=5.50150307036003;
y_0=8.90978919305095;
x_T=5.50394848239362;
y_T=8.90791010356179;
t=1;
a=5.49991035565753;
b=5.5041926803654;
c=8.90351622749355;
d=8.91173215939085;
rho=0;
sigma_x=1;
sigma_y=1;
x_0=5.50541284969948;
y_0=8.90791010356179;
x_T=5.50934787022218;
y_T=8.91340224773974;
t=1;
a=5.50537216518828;
b=5.50938833662798;
c=8.9064340357221;
d=8.91500237491367;
rho=0;
sigma_x=1;
sigma_y=1;
x_0=5.51052129377986;
y_0=8.91340224773974;
x_T=5.50979313727623;
y_T=8.92104365027962;
t=1;
a=5.50724028627956;
b=5.51108728935126;
c=8.91340224773974;
d=8.92301826073059;
rho=0;
sigma_x=1;
sigma_y=1;
x_0=5.50711856426194;
y_0=8.92104365027962;
x_T=5.5089024088676;
y_T=8.91635848422663;
t=1;
a=5.50606294724767;
b=5.5090239139588;
c=8.9138058858755;
d=8.92466962185885;
rho=0;
sigma_x=1;
sigma_y=1;
x_0=5.50853774420756;
y_0=8.91635848422663;
x_T=5.50865935438579;
y_T=8.90621724233506;
t=1;
a=5.50646909598259;
b=5.50930734549403;
c=8.90347548010763;
d=8.91639877551652;
rho=0;
sigma_x=1;
sigma_y=1;
x_0=5.51213756213909;
y_0=8.90621724233506;
x_T=5.51108728935126;
y_T=8.91392693250619;
t=1;
a=5.51003591637663;
b=5.51262198130158;
c=8.90621724233506;
d=8.91646585854345;
rho=0;
sigma_x=1;
sigma_y=1;
x_0=5.5124201732101;
y_0=8.91392693250619;
x_T=5.51112768543162;
y_T=8.9162779623937;
t=1;
a=5.50991453419414;
b=5.51258158500592;
c=8.91391353461117;
d=8.92093683171524;
rho=0;
sigma_x=1;
sigma_y=1;
x_0=5.51326747106408;
y_0=8.9162779623937;
x_T=5.51019771344761;
y_T=8.91502927235991;
t=1;
a=5.50402984764022;
b=5.51342874616498;
c=8.91070715518088;
d=8.91756533932501;
rho=0;
sigma_x=1;
sigma_y=1;
x_0=5.50797030335378;
y_0=8.91502927235991;
x_T=5.5090239139588;
y_T=8.90495585197802;
t=1;
a=5.50585987194806;
b=5.50963121401347;
c=8.90101236104555;
d=8.91502927235991;
rho=0;
sigma_x=1;
sigma_y=1;
x_0=5.51088517127742;
y_0=8.90495585197802;
x_T=5.50845674493642;
y_T=8.90544431878971;
t=1;
a=5.50748368587509;
b=5.51132975449987;
c=8.90488799233797;
d=8.912675301471;
rho=0;
sigma_x=1;
sigma_y=1;
x_0=5.51124898107323;
y_0=8.90544431878971;
x_T=5.51068307299378;
y_T=8.91243289043402;
t=1;
a=5.50825409442814;
b=5.51141058200874;
c=8.90544431878971;
d=8.91463958176889;
rho=0;
sigma_x=1;
sigma_y=1;
x_0=5.51128936658164;
y_0=8.91243289043402;
x_T=5.51116813645958;
y_T=8.91077462109465;
t=1;
a=5.5068344507054;
b=5.51181456504307;
c=8.90773413980286;
d=8.91391353461117;
rho=0;
sigma_x=1;
sigma_y=1;
x_0=5.51064260233935;
y_0=8.91077462109465;
x_T=5.50922640853857;
y_T=8.91929261596045;
t=1;
a=5.5079297795234;
b=5.51076389214184;
c=8.90709788781408;
d=8.92058949435529;
rho=0;
sigma_x=1;
sigma_y=1;
x_0=5.51149140298507;
y_0=8.91929261596045;
x_T=5.51104689568087;
y_T=8.9242171099479;
t=1;
a=5.50926687581062;
b=5.51258158500592;
c=8.91799411885861;
d=8.92520174196397;
rho=0;
sigma_x=1;
sigma_y=1;
x_0=5.51137019735491;
y_0=8.9242171099479;
x_T=5.51290439500726;
y_T=8.92690259999144;
t=1;
a=5.51088517127742;
b=5.51290439500726;
c=8.9242171099479;
d=8.92714159385786;
rho=0;
sigma_x=1;
sigma_y=1;
x_0=5.51145096503172;
y_0=8.92690259999144;
x_T=5.51044039435715;
y_T=8.9283355129415;
t=1;
a=5.50869984866238;
b=5.51709140141437;
c=8.92512192896237;
d=8.92955445323538;
rho=0;
sigma_x=1;
sigma_y=1;
x_0=5.50724028627956;
y_0=8.9283355129415;
x_T=5.51039997050282;
y_T=8.92240494716674;
t=1;
a=5.50557540050392;
b=5.51064260233935;
c=8.9194263898595;
d=8.9283355129415;
rho=0;
sigma_x=1;
sigma_y=1;
x_0=5.50650967498725;
y_0=8.92240494716674;
x_T=5.49618411416547;
y_T=8.90786946878962;
t=1;
a=5.49593794832094;
b=5.50711856426194;
c=8.90608168955418;
d=8.92240494716674;
rho=0;
sigma_x=1;
sigma_y=1;
x_0=5.49725020553929;
y_0=8.90786946878962;
x_T=5.49765988719456;
y_T=8.89699855274382;
t=1;
a=5.49614310987796;
b=5.50044156289307;
c=8.8951500601078;
d=8.90788301394225;
rho=0;
sigma_x=1;
sigma_y=1;
x_0=5.50366346254436;
y_0=8.89699855274382;
x_T=5.50752422373041;
y_T=8.90298605040062;
t=1;
a=5.50350060470272;
b=5.50853774420756;
c=8.89699855274382;
d=8.90621724233506;
rho=0;
sigma_x=1;
sigma_y=1;
x_0=5.50930734549403;
y_0=8.90298605040062;
x_T=5.50740254032805;
y_T=8.90705722002363;
t=1;
a=5.50598174726338;
b=5.50938833662798;
c=8.90298605040062;
d=8.90915418157961;
rho=0;
sigma_x=1;
sigma_y=1;
x_0=5.50983358566805;
y_0=8.90705722002363;
x_T=5.50914540023873;
y_T=8.91368482472529;
t=1;
a=5.50715912097853;
b=5.51169339857802;
c=8.90705722002363;
d=8.91529794511811;
rho=0;
sigma_x=1;
sigma_y=1;
x_0=5.50630669039596;
y_0=8.91368482472529;
x_T=5.49343172868593;
y_T=8.90759879249968;
t=1;
a=5.49343172868593;
b=5.50776761506114;
c=8.90682700256657;
d=8.9137790211497;
rho=0;
sigma_x=1;
sigma_y=1;
x_0=5.4926498113066;
y_0=8.90759879249968;
x_T=5.49186734385617;
y_T=8.8989119057944;
t=1;
a=5.48976381873253;
b=5.49794661898752;
c=8.8959720342619;
d=8.90759879249968;
rho=0;
sigma_x=1;
sigma_y=1;
x_0=5.49157885925899;
y_0=8.8989119057944;
x_T=5.4926498113066;
y_T=8.89821530904917;
t=1;
a=5.48823500823389;
b=5.49388413775649;
c=8.8951911481419;
d=8.9000036089596;
rho=0;
sigma_x=1;
sigma_y=1;
x_0=5.49540440428164;
y_0=8.89821530904917;
x_T=5.50305252632752;
y_T=8.9067592697877;
t=1;
a=5.49532227257035;
b=5.50378560582559;
c=8.89821530904917;
d=8.90755821126723;
rho=0;
sigma_x=1;
sigma_y=1;
x_0=5.49851977874633;
y_0=8.9067592697877;
x_T=5.49946066940463;
y_T=8.90689473075802;
t=1;
a=5.49782376447879;
b=5.50146228359796;
c=8.9038559452683;
d=8.90849175960682;
rho=0;
sigma_x=1;
sigma_y=1;
x_0=5.50125821054473;
y_0=8.90689473075802;
x_T=5.49712726133944;
y_T=8.91019429189524;
t=1;
a=5.49614310987796;
b=5.50199260611639;
c=8.90682700256657;
d=8.91434381674456;
rho=0;
sigma_x=1;
sigma_y=1;
x_0=5.50084993945833;
y_0=8.91019429189524;
x_T=5.49946066940463;
y_T=8.90943796135355;
t=1;
a=5.49876530583824;
b=5.50374491612796;
c=8.90943796135355;
d=8.91455892126775;
rho=0;
sigma_x=1;
sigma_y=1;
x_0=5.49330831821423;
y_0=8.90943796135355;
x_T=5.50064580265312;
y_T=8.90073982206715;
t=1;
a=5.49277330718311;
b=5.50187024362243;
c=8.89414910636381;
d=8.9094514852775;
rho=0;
sigma_x=1;
sigma_y=1;
x_0=5.50056410031819;
y_0=8.90073982206715;
x_T=5.50537216518828;
y_T=8.90453503478921;
t=1;
a=5.49970596561935;
b=5.50663153203456;
c=8.90073982206715;
d=8.90670502742502;
rho=0;
sigma_x=1;
sigma_y=1;
x_0=5.50825409442814;
y_0=8.90453503478921;
x_T=5.51137019735491;
y_T=8.91336190134132;
t=1;
a=5.50553477950463;
b=5.51250091263474;
c=8.90449432889673;
d=8.9151233422332;
rho=0;
sigma_x=1;
sigma_y=1;
x_0=5.51310610541237;
y_0=8.91336190134132;
x_T=5.51278336052911;
y_T=8.9144244945973;
t=1;
a=5.51209720683402;
b=5.51475851485637;
c=8.91329460976103;
d=8.91737771508048;
rho=0;
sigma_x=1;
sigma_y=1;
x_0=5.51044039435715;
y_0=8.91078812695391;
x_T=5.50557540050392;
y_T=8.90556638160562;
t=1;
a=5.50105409583719;
b=5.51149140298507;
c=8.90511872292424;
d=8.91429004985389;
rho=0;
sigma_x=1;
sigma_y=1;
x_0=5.50874033724804;
y_0=8.90556638160562;
x_T=5.5089833720498;
y_T=8.90301327313655;
t=1;
a=5.50626604223473;
b=5.51052129377986;
c=8.89869340868698;
d=8.90556638160562;
rho=0;
sigma_x=1;
sigma_y=1;
x_0=5.51039997050282;
y_0=8.90301327313655;
x_T=5.50886186203216;
y_T=8.90882979158787;
t=1;
a=5.50695620730871;
b=5.51048087319573;
c=8.90223786809855;
d=8.91095005069844;
rho=0;
sigma_x=1;
sigma_y=1;
x_0=5.50752422373041;
y_0=8.90882979158787;
x_T=5.50768649255136;
y_T=8.90620367473589;
t=1;
a=5.50655031730676;
b=5.50983358566805;
c=8.90359778346755;
d=8.90882979158787;
rho=0;
sigma_x=1;
sigma_y=1;
x_0=5.51358999526042;
y_0=8.90620367473589;
x_T=5.51829594260785;
y_T=8.91107144349143;
t=1;
a=5.51350940420236;
b=5.51865700256321;
c=8.90620367473589;
d=8.91383281565759;
rho=0;
sigma_x=1;
sigma_y=1;
x_0=5.51997984161009;
y_0=8.91107144349143;
x_T=5.52166090986251;
y_T=8.90932989566193;
t=1;
a=5.519138214474;
b=5.52182083708355;
c=8.90747697752874;
d=8.9140614260744;
rho=0;
sigma_x=1;
sigma_y=1;
x_0=5.52034029419803;
y_0=8.90932989566193;
x_T=5.52214067877244;
y_T=8.9064882927856;
t=1;
a=5.51981955556384;
b=5.52230059323619;
c=8.90057630295872;
d=8.90941091309205;
rho=0;
sigma_x=1;
sigma_y=1;
x_0=5.52066060970108;
y_0=8.9064882927856;
x_T=5.52182083708355;
y_T=8.89499927809731;
t=1;
a=5.51985966053373;
b=5.52274012732483;
c=8.89394330129343;
d=8.90797775843896;
rho=0;
sigma_x=1;
sigma_y=1;
x_0=5.51620714895584;
y_0=8.89499927809731;
x_T=5.51821566572322;
y_T=8.88398676887613;
t=1;
a=5.51572452417139;
b=5.51861684933076;
c=8.88136398486744;
d=8.89499927809731;
rho=0;
sigma_x=1;
sigma_y=1;
x_0=5.51989970380154;
y_0=8.88398676887613;
x_T=5.52034029419803;
y_T=8.88921178981866;
t=1;
a=5.51857675867083;
b=5.52194078270869;
c=8.88398676887613;
d=8.88979069589879;
rho=0;
sigma_x=1;
sigma_y=1;
x_0=5.52146091786225;
y_0=8.88921178981866;
x_T=5.52134091466215;
y_T=8.89224030149985;
t=1;
a=5.51985966053373;
b=5.52174090666172;
c=8.88787361289637;
d=8.89366882862967;
rho=0;
sigma_x=1;
sigma_y=1;
x_0=5.52174090666172;
y_0=8.89224030149985;
x_T=5.52170088106877;
y_T=8.89178663585731;
t=1;
a=5.51713155166631;
b=5.52222063720241;
c=8.88870158743086;
d=8.89424509404424;
rho=0;
sigma_x=1;
sigma_y=1;
x_0=5.52098082263497;
y_0=8.89178663585731;
x_T=5.51901793220132;
y_T=8.89067214017517;
t=1;
a=5.51821566572322;
b=5.5213808986608;
c=8.8901488953271;
d=8.89414910636381;
rho=0;
sigma_x=1;
sigma_y=1;
x_0=5.51765369156507;
y_0=8.89067214017517;
x_T=5.51921841332743;
y_T=8.89708064212406;
t=1;
a=5.51753323058723;
b=5.51997984161009;
c=8.88768033355025;
d=8.89840656308386;
rho=0;
sigma_x=1;
sigma_y=1;
x_0=5.51805510064553;
y_0=8.89708064212406;
x_T=5.51717170432346;
y_T=8.89580766676594;
t=1;
a=5.51375128285411;
b=5.51965930793726;
c=8.89185539036936;
d=8.89734049154011;
rho=0;
sigma_x=1;
sigma_y=1;
x_0=5.519138214474;
y_0=8.89580766676594;
x_T=5.5177741380338;
y_T=8.89366882862967;
t=1;
a=5.51668954494509;
b=5.52026018527131;
c=8.89196536094664;
d=8.89724473379309;
rho=0;
sigma_x=1;
sigma_y=1;
x_0=5.52098082263497;
y_0=8.89366882862967;
x_T=5.52166090986251;
y_T=8.89747723432714;
t=1;
a=5.5169306516849;
b=5.52341901952928;
c=8.89366882862967;
d=8.89938967258505;
rho=0;
sigma_x=1;
sigma_y=1;
x_0=5.5203803182247;
y_0=8.89747723432714;
x_T=5.5228599627424;
y_T=8.8987480208477;
t=1;
a=5.51997984161009;
b=5.52321937886305;
c=8.89423136303441;
d=8.89881629841149;
rho=0;
sigma_x=1;
sigma_y=1;
x_0=5.52281997792161;
y_0=8.8987480208477;
x_T=5.52636883829316;
y_T=8.90555280517289;
t=1;
a=5.5219808026987;
b=5.52672705538768;
c=8.89858417569042;
d=8.90689473075802;
rho=0;
sigma_x=1;
sigma_y=1;
x_0=5.52740324719938;
y_0=8.90555280517289;
x_T=5.53069815095728;
y_T=8.91446479828197;
t=1;
a=5.52660762282551;
b=5.53069815095728;
c=8.90553929461035;
d=8.91446479828197;
rho=0;
sigma_x=1;
sigma_y=1;
x_0=5.53069815095728;
y_0=8.91446479828197;
x_T=5.53283597983851;
y_T=8.91839590816043;
t=1;
a=5.53034135380964;
b=5.53295460761917;
c=8.91283691994999;
d=8.91862347790161;
rho=0;
sigma_x=1;
sigma_y=1;
x_0=5.53216344891022;
y_0=8.91839590816043;
x_T=5.53402171570739;
y_T=8.91832895448653;
t=1;
a=5.53164883633083;
b=5.53512711651747;
c=8.91685483837344;
d=8.91949327009882;
rho=0;
sigma_x=1;
sigma_y=1;
x_0=5.53552157390152;
y_0=8.91832895448653;
x_T=5.53992933785251;
y_T=8.9237243977064;
t=1;
a=5.53417967842168;
b=5.54000782766335;
c=8.91790031853033;
d=8.9237243977064;
rho=0;
sigma_x=1;
sigma_y=1;
x_0=5.53792462028481;
y_0=8.9237243977064;
x_T=5.53878988032761;
y_T=8.92570696787553;
t=1;
a=5.53674356502941;
b=5.54008637020685;
c=8.9237243977064;
d=8.92634485515336;
rho=0;
sigma_x=1;
sigma_y=1;
x_0=5.53981153071117;
y_0=8.92570696787553;
x_T=5.5371373854339;
y_T=8.92371106543852;
t=1;
a=5.53595534035806;
b=5.54008637020685;
c=8.92181797254857;
d=8.9258133431358;
rho=0;
sigma_x=1;
sigma_y=1;
x_0=5.53969370968968;
y_0=8.92371106543852;
x_T=5.53977221799639;
y_T=8.92775194552225;
t=1;
a=5.53725550801162;
b=5.54145961613133;
c=8.92327145790438;
d=8.92849455566747;
rho=0;
sigma_x=1;
sigma_y=1;
x_0=5.53934010830389;
y_0=8.92775194552225;
x_T=5.54134198914044;
y_T=8.92715481569294;
t=1;
a=5.53859334412693;
b=5.54134198914044;
c=8.92526823707241;
d=8.92932935778557;
rho=0;
sigma_x=1;
sigma_y=1;
x_0=5.53992933785251;
y_0=8.92715481569294;
x_T=5.53985077904672;
y_T=8.93012372310896;
t=1;
a=5.53878988032761;
b=5.54149880375746;
c=8.92615880626216;
d=8.93130085785997;
rho=0;
sigma_x=1;
sigma_y=1;
x_0=5.54181241019073;
y_0=8.93012372310896;
x_T=5.54106743573415;
y_T=8.92736718224685;
t=1;
a=5.53985077904672;
b=5.54232182419926;
c=8.92546769587226;
d=8.93012372310896;
rho=0;
sigma_x=1;
sigma_y=1;
x_0=5.54208676308429;
y_0=8.92736718224685;
x_T=5.5424001264561;
y_T=8.92625183503453;
t=1;
a=5.54055744102361;
b=5.54326152825239;
c=8.92621200363147;
d=8.93022956502072;
rho=0;
sigma_x=1;
sigma_y=1;
x_0=5.5421650837484;
y_0=8.92625183503453;
x_T=5.54310498983447;
y_T=8.92481599602216;
t=1;
a=5.54118509502247;
b=5.54330070012105;
c=8.92349792094367;
d=8.92935580799268;
rho=0;
sigma_x=1;
sigma_y=1;
x_0=5.54478671971908;
y_0=8.92481599602216;
x_T=5.54408309980905;
y_T=8.92836198944873;
t=1;
a=5.54322240964376;
b=5.54498210118255;
c=8.92481599602216;
d=8.92999137270123;
rho=0;
sigma_x=1;
sigma_y=1;
x_0=5.54059666401909;
y_0=8.92836198944873;
x_T=5.54435676797295;
y_T=8.92572027356022;
t=1;
a=5.53871129485832;
b=5.54451316921009;
c=8.92070972254746;
d=8.92836198944873;
rho=0;
sigma_x=1;
sigma_y=1;
x_0=5.54790813462427;
y_0=8.92572027356022;
x_T=5.5495039505461;
y_T=8.92574688426557;
t=1;
a=5.54427861878174;
b=5.54962074199008;
c=8.92493571730538;
d=8.93062646917358;
rho=0;
sigma_x=1;
sigma_y=1;
x_0=5.55094208990618;
y_0=8.92574688426557;
x_T=5.54560698112174;
y_T=8.92591964222677;
t=1;
a=5.54525552346257;
b=5.55105859313463;
c=8.92423037050636;
d=8.9282426778183;
rho=0;
sigma_x=1;
sigma_y=1;
x_0=5.54751847556423;
y_0=8.92591964222677;
x_T=5.54736254758945;
y_T=8.92618540530056;
t=1;
a=5.54576318696144;
b=5.54841433680536;
c=8.92379099112033;
d=8.92734067938715;
rho=0;
sigma_x=1;
sigma_y=1;
x_0=5.54588029507845;
y_0=8.92618540530056;
x_T=5.5424001264561;
y_T=8.91559342798662;
t=1;
a=5.53733426701854;
b=5.54638764158305;
c=8.9142765912087;
d=8.9264510977631;
rho=0;
sigma_x=1;
sigma_y=1;
x_0=5.54513840074862;
y_0=8.91559342798662;
x_T=5.54369194714328;
y_T=8.92085667757777;
t=1;
a=5.54314411303659;
b=5.54634858654989;
c=8.91463958176889;
d=8.92109705541682;
rho=0;
sigma_x=1;
sigma_y=1;
x_0=5.54701170260534;
y_0=8.92085667757777;
x_T=5.55183488679425;
y_T=8.92332474406756;
t=1;
a=5.54373110606749;
b=5.55253319558099;
c=8.92068304265504;
d=8.92542776833625;
rho=0;
sigma_x=1;
sigma_y=1;
x_0=5.54701170260534;
y_0=8.92332474406756;
x_T=5.54810284880867;
y_T=8.92103028235665;
t=1;
a=5.54677774144605;
b=5.55140801752212;
c=8.91977413124013;
d=8.923591197573;
rho=0;
sigma_x=1;
sigma_y=1;
x_0=5.549776201624;
y_0=8.92103028235665;
x_T=5.54965954888824;
y_T=8.92173788914336;
t=1;
a=5.54833650407974;
b=5.55078669101287;
c=8.92052268739398;
d=8.92490908487223;
rho=0;
sigma_x=1;
sigma_y=1;
x_0=5.55311464654235;
y_0=8.92173788914336;
x_T=5.55098084556178;
y_T=8.92105701815743;
t=1;
a=5.54934844857907;
b=5.55462483715404;
c=8.92105701815743;
d=8.92696898210102;
rho=0;
sigma_x=1;
sigma_y=1;
x_0=5.55067015998564;
y_0=8.92105701815743;
x_T=5.55136915807236;
y_T=8.93000455691089;
t=1;
a=5.54591936450133;
b=5.55199012289707;
c=8.91984098822725;
d=8.93093062992259;
rho=0;
sigma_x=1;
sigma_y=1;
x_0=5.55206767178144;
y_0=8.93000455691089;
x_T=5.55470229807269;
y_T=8.93067936486452;
t=1;
a=5.55024267264953;
b=5.55489569394848;
c=8.92822940565386;
d=8.9334003960563;
rho=0;
sigma_x=1;
sigma_y=1;
x_0=5.55412165364419;
y_0=8.93067936486452;
x_T=5.55624876652736;
y_T=8.93093062992259;
t=1;
a=5.55381193861924;
b=5.55682806169954;
c=8.92853436094423;
d=8.93233135127921;
rho=0;
sigma_x=1;
sigma_y=1;
x_0=5.55671222873633;
y_0=8.93093062992259;
x_T=5.5555531682871;
y_T=8.92440345558668;
t=1;
a=5.5533083458029;
b=5.55817852393217;
c=8.92369773312608;
d=8.93365097829731;
rho=0;
sigma_x=1;
sigma_y=1;
x_0=5.55477963692399;
y_0=8.92440345558668;
x_T=5.55725262406983;
y_T=8.92661050526028;
t=1;
a=5.55354078808336;
b=5.55767712585296;
c=8.92329806882837;
d=8.92724775185821;
rho=0;
sigma_x=1;
sigma_y=1;
x_0=5.5519125679984;
y_0=8.92661050526028;
x_T=5.55361833301572;
y_T=8.92053606223773;
t=1;
a=5.54658264812456;
b=5.55447012952097;
c=8.91957353345544;
d=8.92694246868564;
rho=0;
sigma_x=1;
sigma_y=1;
x_0=5.5519125679984;
y_0=8.92053606223773;
x_T=5.5533083458029;
y_T=8.91368482472529;
t=1;
a=5.5505147188257;
b=5.55408301952406;
c=8.91216344670605;
d=8.92269827272546;
rho=0;
sigma_x=1;
sigma_y=1;
x_0=5.55028157589771;
y_0=8.91368482472529;
x_T=5.55423778705295;
y_T=8.91128725285896;
t=1;
a=5.55012607431937;
b=5.55524378036131;
c=8.9096406024431;
d=8.91855653946312;
rho=0;
sigma_x=1;
sigma_y=1;
x_0=5.55067015998564;
y_0=8.91128725285896;
x_T=5.5519125679984;
y_T=8.91117932102053;
t=1;
a=5.54720659139901;
b=5.55237804376631;
c=8.90881625925351;
d=8.91416904730648;
rho=0;
sigma_x=1;
sigma_y=1;
x_0=5.54759637198281;
y_0=8.91117932102053;
x_T=5.54689472691815;
y_T=8.90552571780988;
t=1;
a=5.54373110606749;
b=5.54993175372566;
c=8.90342112565729;
d=8.91127375387404;
rho=0;
sigma_x=1;
sigma_y=1;
x_0=5.55109734427542;
y_0=8.90552571780988;
x_T=5.55535978353432;
y_T=8.90746342687513;
t=1;
a=5.55090321234615;
b=5.55698252467299;
c=8.90491516334775;
d=8.90832943728458;
rho=0;
sigma_x=1;
sigma_y=1;
x_0=5.55381193861924;
y_0=8.90746342687513;
x_T=5.55241674381159;
y_T=8.90662379046522;
t=1;
a=5.55206767178144;
b=5.55524378036131;
c=8.90329880055236;
d=8.91011327202211;
rho=0;
sigma_x=1;
sigma_y=1;
x_0=5.55350213151504;
y_0=8.90662379046522;
x_T=5.55412165364419;
y_T=8.90781535265463;
t=1;
a=5.55241674381159;
b=5.55497301784479;
c=8.90250999916217;
d=8.90888385285466;
rho=0;
sigma_x=1;
sigma_y=1;
x_0=5.55752277399901;
y_0=8.90781535265463;
x_T=5.56064313027438;
y_T=8.9107611151879;
t=1;
a=5.55396686813917;
b=5.56145061219677;
c=8.90488799233797;
d=8.91223081444459;
rho=0;
sigma_x=1;
sigma_y=1;
x_0=5.56068163101553;
y_0=8.9107611151879;
x_T=5.55975816629166;
y_T=8.91179955618953;
t=1;
a=5.55902644271606;
b=5.5612583646727;
c=8.91063968471516;
d=8.91743131621746;
rho=0;
sigma_x=1;
sigma_y=1;
x_0=5.56191167036071;
y_0=8.91155693274347;
x_T=5.56206523109165;
y_T=8.91053174895257;
t=1;
a=5.5612968417346;
b=5.5625261250439;
c=8.90781535265463;
d=8.91263492559699;
rho=0;
sigma_x=1;
sigma_y=1;
x_0=5.56225732741521;
y_0=8.91053174895257;
x_T=5.56156589762885;
y_T=8.90705722002363;
t=1;
a=5.56068163101553;
b=5.56356209388088;
c=8.90705722002363;
d=8.91441103776144;
rho=0;
sigma_x=1;
sigma_y=1;
x_0=5.56360048240578;
y_0=8.90705722002363;
x_T=5.57165959437418;
y_T=8.91740454871281;
t=1;
a=5.56317848819474;
b=5.57177370891347;
c=8.90571557879409;
d=8.91859674228956;
rho=0;
sigma_x=1;
sigma_y=1;
x_0=5.5722300330919;
y_0=8.91740454871281;
x_T=5.57105072794393;
y_T=8.90837005337071;
t=1;
a=5.56910761709619;
b=5.57454662391981;
c=8.90743639121711;
d=8.91740454871281;
rho=0;
sigma_x=1;
sigma_y=1;
x_0=5.57503963667673;
y_0=8.90837005337071;
x_T=5.57976759885772;
y_T=8.89928051548467;
t=1;
a=5.57469837054872;
b=5.58368421593807;
c=8.89928051548467;
d=8.91143553320849;
rho=0;
sigma_x=1;
sigma_y=1;
x_0=5.57882379302078;
y_0=8.89928051548467;
x_T=5.57768997709706;
y_T=8.89569811794162;
t=1;
a=5.56360048240578;
b=5.58089894607251;
c=8.89408050937977;
d=8.90319000300546;
rho=0;
sigma_x=1;
sigma_y=1;
x_0=5.58466103623829;
y_0=8.89569811794162;
x_T=5.57647932240372;
y_T=8.90095787254506;
t=1;
a=5.57625203831743;
b=5.58649926906396;
c=8.89569811794162;
d=8.90513230525149;
rho=0;
sigma_x=1;
sigma_y=1;
x_0=5.57287621240747;
y_0=8.90095787254506;
x_T=5.57287621240747;
y_T=8.89938967258505;
t=1;
a=5.57230614608314;
b=5.58029568095444;
c=8.89926685344295;
d=8.90570200425118;
rho=0;
sigma_x=1;
sigma_y=1;
x_0=5.57329402092687;
y_0=8.89938967258505;
x_T=5.57306612559977;
y_T=8.90218344633502;
t=1;
a=5.57105072794393;
b=5.57492589424052;
c=8.89417650364457;
d=8.90513230525149;
rho=0;
sigma_x=1;
sigma_y=1;
x_0=5.57621424602314;
y_0=8.90218344633502;
x_T=5.57621424602314;
y_T=8.89847486396473;
t=1;
a=5.57192587687476;
b=5.5775765395167;
c=8.89762764319702;
d=8.90540364989438;
rho=0;
sigma_x=1;
sigma_y=1;
x_0=5.58033343245842;
y_0=8.89847486396473;
x_T=5.58165254241949;
y_T=8.90842413949658;
t=1;
a=5.57606272926638;
b=5.58169012598358;
c=8.89757296981409;
d=8.91088259661956;
rho=0;
sigma_x=1;
sigma_y=1;
x_0=5.58466103623829;
y_0=8.90842413949658;
x_T=5.58466103623829;
y_T=8.91643899971048;
t=1;
a=5.58153954971211;
b=5.58492387954306;
c=8.90837005337071;
d=8.91709617984294;
rho=0;
sigma_x=1;
sigma_y=1;
x_0=5.58803483243051;
y_0=8.91643899971048;
x_T=5.58642434496449;
y_T=8.92271161836959;
t=1;
a=5.58481125588976;
b=5.58844646882871;
c=8.91574107123485;
d=8.92285827952707;
rho=0;
sigma_x=1;
sigma_y=1;
x_0=5.58747334476686;
y_0=8.92271161836959;
x_T=5.58631189018186;
y_T=8.92219152393496;
t=1;
a=5.5859369145452;
b=5.58934383277525;
c=8.92167115886134;
d=8.92409723775604;
rho=0;
sigma_x=1;
sigma_y=1;
x_0=5.58758566527746;
y_0=8.92219152393496;
x_T=5.5822173107612;
y_T=8.91571425844769;
t=1;
a=5.58199144019264;
b=5.58807229290298;
c=8.91571425844769;
d=8.92221822870744;
rho=0;
sigma_x=1;
sigma_y=1;
x_0=5.58142654423593;
y_0=8.91571425844769;
x_T=5.58541180387611;
y_T=8.92140419319503;
t=1;
a=5.5812004987337;
b=5.58739849361634;
c=8.91379242084702;
d=8.92140419319503;
rho=0;
sigma_x=1;
sigma_y=1;
x_0=5.59136006762162;
y_0=8.92140419319503;
x_T=5.59173301559031;
y_T=8.92757950384347;
t=1;
a=5.5909123919083;
b=5.59322330642719;
c=8.92140419319503;
d=8.92854756437731;
rho=0;
sigma_x=1;
sigma_y=1;
x_0=5.59277646425024;
y_0=8.92757950384347;
x_T=5.58788520856818;
y_T=8.92852109278306;
t=1;
a=5.58758566527746;
b=5.59296263582698;
c=8.92719467433309;
d=8.93108932500225;
rho=0;
sigma_x=1;
sigma_y=1;
x_0=5.59199389504402;
y_0=8.92852109278306;
x_T=5.58736100789405;
y_T=8.92601269324991;
t=1;
a=5.58608694267126;
b=5.59221751786524;
c=8.92419045850248;
d=8.92938232226326;
rho=0;
sigma_x=1;
sigma_y=1;
x_0=5.59001632300808;
y_0=8.92601269324991;
x_T=5.58941853846187;
y_T=8.93642970360832;
t=1;
a=5.58837157825149;
b=5.59244120246811;
c=8.92504210959015;
d=8.93717905389046;
rho=0;
sigma_x=1;
sigma_y=1;
x_0=5.5894933506756;
y_0=8.93642970360832;
x_T=5.58915698619668;
y_T=8.93494256404018;
t=1;
a=5.58687403393015;
b=5.58964284996005;
c=8.93399380918815;
d=8.93779645749649;
rho=0;
sigma_x=1;
sigma_y=1;
x_0=5.58867088625495;
y_0=8.93494256404018;
x_T=5.58844646882871;
y_T=8.93862353356676;
t=1;
a=5.5872861483342;
b=5.58997905107882;
c=8.93411243665166;
d=8.94019695354772;
rho=0;
sigma_x=1;
sigma_y=1;
x_0=5.59057650448605;
y_0=8.93862353356676;
x_T=5.59050176953146;
y_T=8.93891214085129;
t=1;
a=5.58893267784546;
b=5.59068847700789;
c=8.93719214367659;
d=8.94031484759982;
rho=0;
sigma_x=1;
sigma_y=1;
x_0=5.59296263582698;
y_0=8.93891214085129;
x_T=5.58672412010502;
y_T=8.94738991037872;
t=1;
a=5.58589949025511;
b=5.59303707166705;
c=8.93853164868069;
d=8.94866388367643;
rho=0;
sigma_x=1;
sigma_y=1;
x_0=5.59038977236682;
y_0=8.94738991037872;
x_T=5.59385595435041;
y_T=8.9422125427732;
t=1;
a=5.58874564222955;
b=5.59400480289776;
c=8.93906957457629;
d=8.94784507357412;
rho=0;
sigma_x=1;
sigma_y=1;
x_0=5.59456263619808;
y_0=8.9422125427732;
x_T=5.60016119010318;
y_T=8.94521531275957;
t=1;
a=5.59456263619808;
b=5.60078957989663;
c=8.94121832504531;
d=8.94766304576998;
rho=0;
sigma_x=1;
sigma_y=1;
x_0=5.60285660031403;
y_0=8.94521531275957;
x_T=5.60436715863175;
y_T=8.94844298576408;
t=1;
a=5.60041999492785;
b=5.60639014334479;
c=8.94521531275957;
d=8.94930023047082;
rho=0;
sigma_x=1;
sigma_y=1;
x_0=5.60767534737358;
y_0=8.94844298576408;
x_T=5.61100912204974;
y_T=8.95211356177803;
t=1;
a=5.60561826999473;
b=5.61152096891889;
c=8.94765002900087;
d=8.95256658049697;
rho=0;
sigma_x=1;
sigma_y=1;
x_0=5.61060667477496;
y_0=8.95211356177803;
x_T=5.61283614041249;
y_T=8.94852095905013;
t=1;
a=5.60939857272404;
b=5.61349302519856;
c=8.94791007997892;
d=8.95330387696648;
rho=0;
sigma_x=1;
sigma_y=1;
x_0=5.61458687398584;
y_0=8.94852095905013;
x_T=5.61509700260562;
y_T=8.95299349932047;
t=1;
a=5.6134199871444;
b=5.61767977560279;
c=8.94852095905013;
d=8.9532651087901;
rho=0;
sigma_x=1;
sigma_y=1;
x_0=5.61195951509203;
y_0=8.95299349932047;
x_T=5.61356594847744;
y_T=8.95525455522739;
t=1;
a=5.60917875958023;
b=5.61465982686567;
c=8.95107731912709;
d=8.95623492215858;
rho=0;
sigma_x=1;
sigma_y=1;
x_0=5.61586159328373;
y_0=8.95525455522739;
x_T=5.62083553572721;
y_T=8.95711124208063;
t=1;
a=5.61516980901522;
b=5.62083553572721;
c=8.95345906134745;
d=8.95789673495042;
rho=0;
sigma_x=1;
sigma_y=1;
x_0=5.62192149520576;
y_0=8.95711124208063;
x_T=5.62733334926884;
y_T=8.9591316649923;
t=1;
a=5.62069063170195;
b=5.62801666494633;
c=8.95578356259715;
d=8.96092985698729;
rho=0;
sigma_x=1;
sigma_y=1;
x_0=5.63246549738359;
y_0=8.95790961915111;
x_T=5.62390920068352;
y_T=8.95620911039994;
t=1;
a=5.62105280171142;
b=5.63511096581246;
c=8.95423449561966;
d=8.96082715261552;
rho=0;
sigma_x=1;
sigma_y=1;
x_0=5.62772901794071;
y_0=8.95620911039994;
x_T=5.63339572145305;
y_T=8.95226886767526;
t=1;
a=5.62390920068352;
b=5.63496811580635;
c=8.9504161409444;
d=8.95620911039994;
rho=0;
sigma_x=1;
sigma_y=1;
x_0=5.63293077304306;
y_0=8.95226886767526;
x_T=5.63171350181697;
y_T=8.94910546953925;
t=1;
a=5.62970522459465;
b=5.63464670367389;
c=8.94685650633914;
d=8.95409236501393;
rho=0;
sigma_x=1;
sigma_y=1;
x_0=5.6340750193436;
y_0=8.94910546953925;
x_T=5.63625283212743;
y_T=8.95296760388753;
t=1;
a=5.63171350181697;
b=5.63625283212743;
c=8.94828708450033;
d=8.95309694824445;
rho=0;
sigma_x=1;
sigma_y=1;
x_0=5.63539660819013;
y_0=8.95296760388753;
x_T=5.64435089796166;
y_T=8.95097359780258;
t=1;
a=5.63518232961355;
b=5.64435089796166;
c=8.94945603722229;
d=8.95407943153666;
rho=0;
sigma_x=1;
sigma_y=1;
x_0=5.6445277120707;
y_0=8.95097359780258;
x_T=5.64647113971265;
y_T=8.95309694824445;
t=1;
a=5.64321824997416;
b=5.64763529640398;
c=8.95027346655738;
d=8.95482860080613;
rho=0;
sigma_x=1;
sigma_y=1;
x_0=5.6490446194872;
y_0=8.95309694824445;
x_T=5.64608271313756;
y_T=8.94159779652228;
t=1;
a=5.64133951984053;
b=5.65143603643362;
c=8.94159779652228;
d=8.95312284032822;
rho=0;
sigma_x=1;
sigma_y=1;
x_0=5.64953747388038;
y_0=8.94159779652228;
x_T=5.64650636447855;
y_T=8.93798029001752;
t=1;
a=5.64332448437263;
b=5.64992445205791;
c=8.93702132236017;
d=8.94408051679862;
rho=0;
sigma_x=1;
sigma_y=1;
x_0=5.64985413263065;
y_0=8.93798029001752;
x_T=5.6580176839259;
y_T=8.94448502075051;
t=1;
a=5.64883335147658;
b=5.658192202866;
c=8.93798029001752;
d=8.94473284106133;
rho=0;
sigma_x=1;
sigma_y=1;
x_0=5.65574700113613;
y_0=8.94448502075051;
x_T=5.65136571784206;
y_T=8.94526744238526;
t=1;
a=5.65073325356639;
b=5.65749415376531;
c=8.94427625876165;
d=8.94757205123895;
rho=0;
sigma_x=1;
sigma_y=1;
x_0=5.64403249148185;
y_0=8.94526744238526;
x_T=5.64105568023909;
y_T=8.93432333105491;
t=1;
a=5.6391372847186;
b=5.65157644806584;
c=8.9342047286081;
d=8.94529353798428;
rho=0;
sigma_x=1;
sigma_y=1;
x_0=5.64449241753701;
y_0=8.93432333105491;
x_T=5.64155237683592;
y_T=8.92712830720424;
t=1;
a=5.63721520544466;
b=5.64650636447855;
c=8.92556072407893;
d=8.93577193866978;
rho=0;
sigma_x=1;
sigma_y=1;
x_0=5.63860377353603;
y_0=8.92712830720424;
x_T=5.64041655286633;
y_T=8.92137746654127;
t=1;
a=5.63721520544466;
b=5.64565888224005;
c=8.9195200470239;
d=8.92992519092805;
rho=0;
sigma_x=1;
sigma_y=1;
x_0=5.6350752302311;
y_0=8.92137746654127;
x_T=5.6184061674838;
y_T=8.91508299952064;
t=1;
a=5.61826091097976;
b=5.63561073380634;
c=8.91359061942709;
d=8.92196469970632;
rho=0;
sigma_x=1;
sigma_y=1;
x_0=5.61111883367649;
y_0=8.91508299952064;
x_T=5.5756838899501;
y_T=8.90041269057708;
t=1;
a=5.57333203767653;
b=5.61985726146939;
c=8.90038539708942;
d=8.91508299952064;
rho=0;
sigma_x=1;
sigma_y=1;
x_0=5.56045084284753;
y_0=8.90041269057708;
x_T=5.59519455281768;
y_T=8.87366410082134;
t=1;
a=5.55566913557776;
b=5.59731027463957;
c=8.86494442349095;
d=8.90041269057708;
rho=0;
sigma_x=1;
sigma_y=1;
x_0=5.59285091394892;
y_0=8.87366410082134;
x_T=5.5897549270685;
y_T=8.89280370674915;
t=1;
a=5.58941853846187;
b=5.6071246655406;
c=8.87366410082134;
d=8.89720373005193;
rho=0;
sigma_x=1;
sigma_y=1;
x_0=5.5910243305596;
y_0=8.89280370674915;
x_T=5.55152446648431;
y_T=8.87775858503202;
t=1;
a=5.55136915807236;
b=5.59162115624458;
c=8.87644678049002;
d=8.89280370674915;
rho=0;
sigma_x=1;
sigma_y=1;
x_0=5.56375378404023;
y_0=8.87775858503202;
x_T=5.56643428350498;
y_T=8.86677905336523;
t=1;
a=5.53307322528277;
b=5.57447068127362;
c=8.86403999703599;
d=8.87775858503202;
rho=0;
sigma_x=1;
sigma_y=1;
x_0=5.5753049070602;
y_0=8.86677905336523;
x_T=5.58101200741377;
y_T=8.8786506943859;
t=1;
a=5.56704596636974;
b=5.5872861483342;
c=8.86677905336523;
d=8.88182240240751;
rho=0;
sigma_x=1;
sigma_y=1;
x_0=5.57583546411389;
y_0=8.8786506943859;
x_T=5.5834963087817;
y_T=8.87738195465477;
t=1;
a=5.57333203767653;
b=5.58582440493225;
c=8.87707496068984;
d=8.88225288488936;
rho=0;
sigma_x=1;
sigma_y=1;
x_0=5.57712264912028;
y_0=8.87738195465477;
x_T=5.59690227152475;
y_T=8.88377886146348;
t=1;
a=5.57708477620729;
b=5.59842195899838;
c=8.87426608346312;
d=8.8878184036035;
rho=0;
sigma_x=1;
sigma_y=1;
x_0=5.60421995880605;
y_0=8.88377886146348;
x_T=5.60958167559477;
y_T=8.8866579683303;
t=1;
a=5.59385595435041;
b=5.60961833756065;
c=8.88276645491945;
d=8.89123642951606;
rho=0;
sigma_x=1;
sigma_y=1;
x_0=5.60697787109006;
y_0=8.8866579683303;
x_T=5.60987458951031;
y_T=8.89490336278543;
t=1;
a=5.60679418060545;
b=5.61793408295512;
c=8.8866579683303;
d=8.8967249174979;
rho=0;
sigma_x=1;
sigma_y=1;
x_0=5.60591235065563;
y_0=8.88843948304281;
x_T=5.60359372529318;
y_T=8.88831524419343;
t=1;
a=5.60027209828654;
b=5.61192304848057;
c=8.8821279427515;
d=8.89079601953386;
rho=0;
sigma_x=1;
sigma_y=1;
x_0=5.60543432957149;
y_0=8.88831524419343;
x_T=5.59860708260268;
y_T=8.89310591072096;
t=1;
a=5.59819971949019;
b=5.61575240078924;
c=8.88469334449941;
d=8.89450568136244;
rho=0;
sigma_x=1;
sigma_y=1;
x_0=5.60248777863667;
y_0=8.89310591072096;
x_T=5.59990232197946;
y_T=8.88908771403888;
t=1;
a=5.59708779161496;
b=5.60965488465017;
c=8.88014039623569;
d=8.89310591072096;
rho=0;
sigma_x=1;
sigma_y=1;
x_0=5.60502974239536;
y_0=8.88908771403888;
x_T=5.61571596302593;
y_T=8.88798402206269;
t=1;
a=5.60304090485467;
b=5.61571596302593;
c=8.88472100206742;
d=8.8904243356854;
rho=0;
sigma_x=1;
sigma_y=1;
x_0=5.62014718499219;
y_0=8.88798402206269;
x_T=5.62726131515796;
y_T=8.89420396725662;
t=1;
a=5.61771614188067;
b=5.62765712023664;
c=8.88797020481173;
d=8.89740886527095;
rho=0;
sigma_x=1;
sigma_y=1;
x_0=5.62801666494633;
y_0=8.89420396725662;
x_T=5.61469619381435;
y_T=8.89322948883359;
t=1;
a=5.61444105795843;
b=5.63092504896116;
c=8.89191037710094;
d=8.89918494333876;
rho=0;
sigma_x=1;
sigma_y=1;
x_0=5.61924074738786;
y_0=8.89322948883359;
x_T=5.60451445091029;
y_T=8.88625706099171;
t=1;
a=5.60318839259533;
b=5.62108904191306;
c=8.88625706099171;
d=8.89472509515705;
rho=0;
sigma_x=1;
sigma_y=1;
x_0=5.60363060744361;
y_0=8.88625706099171;
x_T=5.5898669953526;
y_T=8.87844167448233;
t=1;
a=5.5834963087817;
b=5.61009435959327;
c=8.87534303343786;
d=8.88625706099171;
rho=0;
sigma_x=1;
sigma_y=1;
x_0=5.58274410113242;
y_0=8.87844167448233;
x_T=5.59500868484463;
y_T=8.86360160065744;
t=1;
a=5.57905037634466;
b=5.59738438757393;
c=8.8626817870897;
d=8.87844167448233;
rho=0;
sigma_x=1;
sigma_y=1;
x_0=5.58997905107882;
y_0=8.86360160065744;
x_T=5.60650035919746;
y_T=8.87010104878573;
t=1;
a=5.58953064071192;
b=5.60906883855096;
c=8.8624977505595;
d=8.87055066593337;
rho=0;
sigma_x=1;
sigma_y=1;
x_0=5.61057004902623;
y_0=8.87010104878573;
x_T=5.60903215643346;
y_T=8.87441995577407;
t=1;
a=5.60278278122105;
b=5.61089940204282;
c=8.87004484962367;
d=8.88153067566537;
rho=0;
sigma_x=1;
sigma_y=1;
x_0=5.59997635400398;
y_0=8.87441995577407;
x_T=5.60866560583277;
y_T=8.87595792292704;
t=1;
a=5.59916246993764;
b=5.61013089295061;
c=8.86920127620844;
d=8.87915217748247;
rho=0;
sigma_x=1;
sigma_y=1;
x_0=5.61148437664217;
y_0=8.87595792292704;
x_T=5.61349302519856;
y_T=8.88228067778372;
t=1;
a=5.60734504073963;
b=5.614003598945;
c=8.87426608346312;
d=8.88351546359461;
rho=0;
sigma_x=1;
sigma_y=1;
x_0=5.61931336155532;
y_0=8.88228067778372;
x_T=5.63074570548273;
y_T=8.88523330643367;
t=1;
a=5.6180066831073;
b=5.63074570548273;
c=8.88040475234921;
d=8.88534400762145;
rho=0;
sigma_x=1;
sigma_y=1;
x_0=5.63192841386816;
y_0=8.88523330643367;
x_T=5.62948983057987;
y_T=8.88388972376827;
t=1;
a=5.62790879532789;
b=5.63446813721889;
c=8.88158630083904;
d=8.88943236811766;
rho=0;
sigma_x=1;
sigma_y=1;
x_0=5.63421799697641;
y_0=8.88388972376827;
x_T=5.62300616824267;
y_T=8.87329994666634;
t=1;
a=5.62050955183958;
b=5.63625283212743;
c=8.87144922587089;
d=8.88517795131312;
rho=0;
sigma_x=1;
sigma_y=1;
x_0=5.62693741959343;
y_0=8.87329994666634;
x_T=5.61786136855975;
y_T=8.87244515069235;
t=1;
a=5.61557042441957;
b=5.62769301398345;
c=8.87105615815029;
d=8.87856707801144;
rho=0;
sigma_x=1;
sigma_y=1;
x_0=5.61996600668691;
y_0=8.87244515069235;
x_T=5.61677109766657;
y_T=8.87344001642514;
t=1;
a=5.61469619381435;
b=5.62260851763912;
c=8.87165971230292;
d=8.8766283362133;
rho=0;
sigma_x=1;
sigma_y=1;
x_0=5.61495126094959;
y_0=8.87344001642514;
x_T=5.61385781089189;
y_T=8.8768377354448;
t=1;
a=5.6136389795198;
b=5.61818832928288;
c=8.87224879763508;
d=8.88007083150031;
rho=0;
sigma_x=1;
sigma_y=1;
x_0=5.61075304729089;
y_0=8.8768377354448;
x_T=5.60023509205653;
y_T=8.85977528223493;
t=1;
a=5.59329772286727;
b=5.61458687398584;
c=8.85863874087583;
d=8.87685170737419;
rho=0;
sigma_x=1;
sigma_y=1;
x_0=5.6018974015343;
y_0=8.85977528223493;
x_T=5.60193434630074;
y_T=8.86238442189836;
t=1;
a=5.59908837763288;
b=5.6045881422883;
c=8.85973271306805;
d=8.86524102865445;
rho=0;
sigma_x=1;
sigma_y=1;
x_0=5.60174972694266;
y_0=8.86238442189836;
x_T=5.60001325887553;
y_T=8.85922139360813;
t=1;
a=5.59912542262092;
b=5.6104602771716;
c=8.85606252484673;
d=8.86300739778034;
rho=0;
sigma_x=1;
sigma_y=1;
x_0=5.59065111814526;
y_0=8.85922139360813;
x_T=5.57469837054872;
y_T=8.84687098341548;
t=1;
a=5.57352186053245;
b=5.59422797281678;
c=8.84137593490471;
d=8.85922139360813;
rho=0;
sigma_x=1;
sigma_y=1;
x_0=5.57659288451098;
y_0=8.84687098341548;
x_T=5.55315331809212;
y_T=8.84244556324126;
t=1;
a=5.5523004025924;
b=5.57799250261922;
c=8.83593778931984;
d=8.84689970707699;
rho=0;
sigma_x=1;
sigma_y=1;
x_0=5.56884058298353;
y_0=8.84244556324126;
x_T=5.58014477761773;
y_T=8.83763769526748;
t=1;
a=5.55840983706005;
b=5.58135112606301;
c=8.8344680318434;
d=8.84771921285991;
rho=0;
sigma_x=1;
sigma_y=1;
x_0=5.58413525123103;
y_0=8.83763769526748;
x_T=5.56298668771454;
y_T=8.8536797276495;
t=1;
a=5.5562100947355;
b=5.58638682270706;
c=8.83763769526748;
d=8.85970428623099;
rho=0;
sigma_x=1;
sigma_y=1;
x_0=5.56356209388088;
y_0=8.8536797276495;
x_T=5.56002752097835;
y_T=8.86003086771399;
t=1;
a=5.55520507355183;
b=5.57078433030573;
c=8.8426477853882;
d=8.86003086771399;
rho=0;
sigma_x=1;
sigma_y=1;
x_0=5.56498005262746;
y_0=8.86003086771399;
x_T=5.5727241889991;
y_T=8.86171864197275;
t=1;
a=5.56006604157922;
b=5.58071051476507;
c=8.85974692604156;
d=8.86924344421717;
rho=0;
sigma_x=1;
sigma_y=1;
x_0=5.55632598587361;
y_0=8.86171864197275;
x_T=5.56363875057835;
y_T=8.85801310603087;
t=1;
a=5.54845330735195;
b=5.56570743432806;
c=8.85320815278877;
d=8.86290829511863;
rho=0;
sigma_x=1;
sigma_y=1;
x_0=5.54810284880867;
y_0=8.85801310603087;
x_T=5.57428103845721;
y_T=8.85851081303393;
t=1;
a=5.54751847556423;
b=5.57731175386144;
c=8.84962869208537;
d=8.86025790766955;
rho=0;
sigma_x=1;
sigma_y=1;
x_0=5.58180310167918;
y_0=8.85851081303393;
x_T=5.58214206513991;
y_T=8.88176685814832;
t=1;
a=5.57716051681566;
b=5.58589949025511;
c=8.85851081303393;
d=8.88176685814832;
rho=0;
sigma_x=1;
sigma_y=1;
x_0=5.57374976592175;
y_0=8.88176685814832;
x_T=5.55960413149059;
y_T=8.87955594278677;
t=1;
a=5.55295958492162;
b=5.58014477761773;
c=8.87669814082925;
d=8.88377886146348;
rho=0;
sigma_x=1;
sigma_y=1;
x_0=5.56593700883279;
y_0=8.87955594278677;
x_T=5.56452040732269;
y_T=8.88111379475091;
t=1;
a=5.56045084284753;
b=5.57912585495319;
c=8.87425207536057;
d=8.88318264758366;
rho=0;
sigma_x=1;
sigma_y=1;
x_0=5.57697126616572;
y_0=8.88111379475091;
x_T=5.58029568095444;
y_T=8.89107128173022;
t=1;
a=5.57207802548705;
b=5.58364670724572;
c=8.88111379475091;
d=8.89107128173022;
rho=0;
sigma_x=1;
sigma_y=1;
x_0=5.57393951330288;
y_0=8.89107128173022;
x_T=5.57503963667673;
y_T=8.88973559248603;
t=1;
a=5.57363588046612;
b=5.58214206513991;
c=8.88783215571753;
d=8.89155280832927;
rho=0;
sigma_x=1;
sigma_y=1;
x_0=5.58071051476507;
y_0=8.88973559248603;
x_T=5.58323308993213;
y_T=8.88990089375375;
t=1;
a=5.57995620790707;
b=5.58724865840025;
c=8.88748694958223;
d=8.89104379924142;
rho=0;
sigma_x=1;
sigma_y=1;
x_0=5.58878307608471;
y_0=8.88990089375375;
x_T=5.58029568095444;
y_T=8.89076852947903;
t=1;
a=5.57598701909416;
b=5.58926912150727;
c=8.88863261573085;
d=8.89219909203969;
rho=0;
sigma_x=1;
sigma_y=1;
x_0=5.58724865840025;
y_0=8.89076852947903;
x_T=5.5884838016637;
y_T=8.88158630083904;
t=1;
a=5.58375945836534;
b=5.59173301559031;
c=8.88121110961023;
d=8.8909336601032;
rho=0;
sigma_x=1;
sigma_y=1;
x_0=5.59593734527085;
y_0=8.88158630083904;
x_T=5.59912542262092;
y_T=8.88545476408881;
t=1;
a=5.59378157944187;
b=5.60163898252846;
c=8.8804325287823;
d=8.88743171893723;
rho=0;
sigma_x=1;
sigma_y=1;
x_0=5.60097426206304;
y_0=8.88545476408881;
x_T=5.59986541671185;
y_T=8.89799665980437;
t=1;
a=5.59794034304003;
b=5.60322517543341;
c=8.88545476408881;
d=8.89913035517127;
rho=0;
sigma_x=1;
sigma_y=1;
x_0=5.59712479953217;
y_0=8.89799665980437;
x_T=5.59430242982227;
y_T=8.89958070203479;
t=1;
a=5.58994166196769;
b=5.59797743428598;
c=8.89691645662437;
d=8.90118951147297;
rho=0;
sigma_x=1;
sigma_y=1;
x_0=5.59400480289776;
y_0=8.89958070203479;
x_T=5.58578686015654;
y_T=8.90492874844007;
t=1;
a=5.58202901102214;
b=5.59493439562411;
c=8.89881629841149;
d=8.90492874844007;
rho=0;
sigma_x=1;
sigma_y=1;
x_0=5.58822200476966;
y_0=8.90492874844007;
x_T=5.58563689954033;
y_T=8.9090866062491;
t=1;
a=5.58104973188555;
b=5.59057650448605;
c=8.90377447651825;
d=8.90978919305095;
rho=0;
sigma_x=1;
sigma_y=1;
x_0=5.58997905107882;
y_0=8.9090866062491;
x_T=5.57207802548705;
y_T=8.91266182107578;
t=1;
a=5.56559262539484;
b=5.5909123919083;
c=8.90887032138705;
d=8.91457237611372;
rho=0;
sigma_x=1;
sigma_y=1;
x_0=5.5718117835033;
y_0=8.91266182107578;
x_T=5.57454662391981;
y_T=8.9064340357221;
t=1;
a=5.56394555247013;
b=5.57644142511778;
c=8.90035816939076;
d=8.91289076516027;
rho=0;
sigma_x=1;
sigma_y=1;
x_0=5.57893709298851;
y_0=8.9064340357221;
x_T=5.58466103623829;
y_T=8.91212298440396;
t=1;
a=5.57704701915529;
b=5.58818454990515;
c=8.90313563303554;
d=8.91212298440396;
rho=0;
sigma_x=1;
sigma_y=1;
x_0=5.58724865840025;
y_0=8.91212298440396;
x_T=5.58559935147548;
y_T=8.9229516158363;
t=1;
a=5.58161484068199;
b=5.58852124158111;
c=8.91210949669594;
d=8.92360453143908;
rho=0;
sigma_x=1;
sigma_y=1;
x_0=5.58822200476966;
y_0=8.9229516158363;
x_T=5.5778790955728;
y_T=8.92389750539155;
t=1;
a=5.5775765395167;
b=5.59057650448605;
c=8.92227157115462;
d=8.92879943012199;
rho=0;
sigma_x=1;
sigma_y=1;
x_0=5.57545653867453;
y_0=8.92389750539155;
x_T=5.57965439295254;
y_T=8.92537459398741;
t=1;
a=5.56876420575023;
b=5.58010713592795;
c=8.92353792560659;
d=8.92918364282122;
rho=0;
sigma_x=1;
sigma_y=1;
x_0=5.57882379302078;
y_0=8.92537459398741;
x_T=5.57291424504387;
y_T=8.92840180000256;
t=1;
a=5.57124110608181;
b=5.58229255072101;
c=8.92526823707241;
d=8.93234456911382;
rho=0;
sigma_x=1;
sigma_y=1;
x_0=5.56933641623338;
y_0=8.92840180000256;
x_T=5.57070810139194;
y_T=8.92301826073059;
t=1;
a=5.55702104693769;
b=5.57352186053245;
c=8.92164443934182;
d=8.92999137270123;
rho=0;
sigma_x=1;
sigma_y=1;
x_0=5.56651072035416;
y_0=8.92301826073059;
x_T=5.58357145257487;
y_T=8.93156519483486;
t=1;
a=5.56509493190701;
b=5.58646186581406;
c=8.92301826073059;
d=8.93197479192065;
rho=0;
sigma_x=1;
sigma_y=1;
x_0=5.5853742436059;
y_0=8.93156519483486;
x_T=5.58694903673914;
y_T=8.93139334502266;
t=1;
a=5.58029568095444;
b=5.5884838016637;
c=8.92935580799268;
d=8.93570613837366;
rho=0;
sigma_x=1;
sigma_y=1;
x_0=5.58979221108789;
y_0=8.93139334502266;
x_T=5.59656839034905;
y_T=8.94409358024447;
t=1;
a=5.58758566527746;
b=5.59794034304003;
c=8.93139334502266;
d=8.94409358024447;
rho=0;
sigma_x=1;
sigma_y=1;
x_0=5.5996804112595;
y_0=8.94409358024447;
x_T=5.6058755525664;
y_T=8.94910546953925;
t=1;
a=5.5992364457325;
b=5.60723491795007;
c=8.9400528136945;
d=8.9498712977606;
rho=0;
sigma_x=1;
sigma_y=1;
x_0=5.60639014334479;
y_0=8.94910546953925;
x_T=5.60892221562235;
y_T=8.95216533317678;
t=1;
a=5.60425670740262;
b=5.61002107287577;
c=8.94789712974003;
d=8.95272181605911;
rho=0;
sigma_x=1;
sigma_y=1;
x_0=5.61071642690287;
y_0=8.95216533317678;
x_T=5.60939857272404;
y_T=8.95040315983296;
t=1;
a=5.6071246655406;
b=5.6134199871444;
c=8.94749400405549;
d=8.95260537589235;
rho=0;
sigma_x=1;
sigma_y=1;
x_0=5.60429356142738;
y_0=8.95040315983296;
x_T=5.60248777863667;
y_T=8.95195816856926;
t=1;
a=5.59853306023381;
b=5.60436715863175;
c=8.94735091211477;
d=8.9557061535706;
rho=0;
sigma_x=1;
sigma_y=1;
x_0=5.60263534797322;
y_0=8.95195816856926;
x_T=5.60668399346035;
y_T=8.95340735688524;
t=1;
a=5.60252458725388;
b=5.60859232431472;
c=8.95128460304646;
d=8.95486730854642;
rho=0;
sigma_x=1;
sigma_y=1;
x_0=5.6055814610821;
y_0=8.95340735688524;
x_T=5.60583886708943;
y_T=8.96033936649209;
t=1;
a=5.60259842909652;
b=5.61031397159037;
c=8.95077916253672;
d=8.96036507173438;
rho=0;
sigma_x=1;
sigma_y=1;
x_0=5.60440401226785;
y_0=8.96033936649209;
x_T=5.60333574433455;
y_T=8.95915733856259;
t=1;
a=5.60186045909388;
b=5.60591235065563;
c=8.95587381301858;
d=8.9607758277262;
rho=0;
sigma_x=1;
sigma_y=1;
x_0=5.60950846117942;
y_0=8.95915733856259;
x_T=5.61082617064461;
y_T=8.9694401238844;
t=1;
a=5.60789548753051;
b=5.61305515117216;
c=8.95906738400804;
d=8.97057190159376;
rho=0;
sigma_x=1;
sigma_y=1;
x_0=5.61298207747819;
y_0=8.9694401238844;
x_T=5.6080421473517;
y_T=8.97176587363143;
t=1;
a=5.60668399346035;
b=5.61404009915534;
c=8.96885463889087;
d=8.97506097831745;
rho=0;
sigma_x=1;
sigma_y=1;
x_0=5.60274597841883;
y_0=8.97176587363143;
x_T=5.61078955293434;
y_T=8.96039071365865;
t=1;
a=5.60208188292813;
b=5.61089940204282;
c=8.95742034462496;
d=8.97176587363143;
rho=0;
sigma_x=1;
sigma_y=1;
x_0=5.60914208515893;
y_0=8.96039071365865;
x_T=5.60873888198104;
y_T=8.95114211576124;
t=1;
a=5.60130667937393;
b=5.6102773351194;
c=8.95114211576124;
d=8.96232762998261;
rho=0;
sigma_x=1;
sigma_y=1;
x_0=5.60635336283354;
y_0=8.95114211576124;
x_T=5.60635336283354;
y_T=8.9529029254348;
t=1;
a=5.60425670740262;
b=5.60895878816148;
c=8.94940406214602;
d=8.95587381301858;
rho=0;
sigma_x=1;
sigma_y=1;
x_0=5.5995694411296;
y_0=8.9529029254348;
x_T=5.59478568539128;
y_T=8.94018383922988;
t=1;
a=5.59009109424995;
b=5.60274597841883;
c=8.93731045647854;
d=8.9529029254348;
rho=0;
sigma_x=1;
sigma_y=1;
x_0=5.60027209828654;
y_0=8.94018383922988;
x_T=5.6080421473517;
y_T=8.94762405828664;
t=1;
a=5.59997635400398;
b=5.60987458951031;
c=8.93828228662143;
d=8.94762405828664;
rho=0;
sigma_x=1;
sigma_y=1;
x_0=5.60635336283354;
y_0=8.94762405828664;
x_T=5.6018974015343;
y_T=8.94614044906818;
t=1;
a=5.59938449561135;
b=5.60760187948364;
c=8.94260472014196;
d=8.95254067400627;
rho=0;
sigma_x=1;
sigma_y=1;
x_0=5.60730829900481;
y_0=8.94614044906818;
x_T=5.61166720767822;
y_T=8.94920932143772;
t=1;
a=5.6070145184787;
b=5.61290911160754;
c=8.94614044906818;
d=8.95502225038648;
rho=0;
sigma_x=1;
sigma_y=1;
x_0=5.61506054095281;
y_0=8.94920932143772;
x_T=5.61640737334508;
y_T=8.95432488594706;
t=1;
a=5.61407659803346;
b=5.61746177545738;
c=8.94919638801349;
d=8.95829568972474;
rho=0;
sigma_x=1;
sigma_y=1;
x_0=5.61695285569304;
y_0=8.95432488594706;
x_T=5.61713468974078;
y_T=8.94725982569011;
t=1;
a=5.61378479947708;
b=5.61869651195716;
c=8.9472338448399;
d=8.95473819298781;
rho=0;
sigma_x=1;
sigma_y=1;
x_0=5.6196397391773;
y_0=8.94725982569011;
x_T=5.62546048625132;
y_T=8.95058468945843;
t=1;
a=5.61709830231111;
b=5.62589296302471;
c=8.94528049033507;
d=8.95292882254265;
rho=0;
sigma_x=1;
sigma_y=1;
x_0=5.62744128457271;
y_0=8.95058468945843;
x_T=5.62535233692592;
y_T=8.94954686049006;
t=1;
a=5.6216319771536;
b=5.62862779746194;
c=8.94874183961102;
d=8.95631229013715;
rho=0;
sigma_x=1;
sigma_y=1;
x_0=5.62347586494136;
y_0=8.94954686049006;
x_T=5.62830434066958;
y_T=8.94651805781066;
t=1;
a=5.62278932990485;
b=5.62851999015565;
c=8.94082560347985;
d=8.9508310030635;
rho=0;
sigma_x=1;
sigma_y=1;
x_0=5.62920260348334;
y_0=8.94651805781066;
x_T=5.6296334688401;
y_T=8.9538209801725;
t=1;
a=5.62873559314706;
b=5.63253705021854;
c=8.94651805781066;
d=8.95622201636254;
rho=0;
sigma_x=1;
sigma_y=1;
x_0=5.63131929933864;
y_0=8.9538209801725;
x_T=5.63092504896116;
y_T=8.94946896728882;
t=1;
a=5.62830434066958;
b=5.63239383202861;
c=8.94914439943983;
d=8.95709834771814;
rho=0;
sigma_x=1;
sigma_y=1;
x_0=5.63189256079146;
y_0=8.94946896728882;
x_T=5.62772901794071;
y_T=8.94945603722229;
t=1;
a=5.6269013871237;
b=5.63293077304306;
c=8.94601020173161;
d=8.95502225038648;
rho=0;
sigma_x=1;
sigma_y=1;
x_0=5.63124765931396;
y_0=8.94945603722229;
x_T=5.63024361078604;
y_T=8.95748473156635;
t=1;
a=5.62783691054871;
b=5.63239383202861;
c=8.94248709575922;
d=8.96104533192911;
rho=0;
sigma_x=1;
sigma_y=1;
x_0=5.62257244092263;
y_0=8.95748473156635;
x_T=5.62448672821543;
y_T=8.94035412108927;
t=1;
a=5.61804303749894;
b=5.62585700460798;
c=8.94035412108927;
d=8.95944014361693;
rho=0;
sigma_x=1;
sigma_y=1;
x_0=5.61855129399458;
y_0=8.94035412108927;
x_T=5.62242778838166;
y_T=8.94001346429144;
t=1;
a=5.61658930659812;
b=5.62293393016115;
c=8.93611404332468;
d=8.94187251844821;
rho=0;
sigma_x=1;
sigma_y=1;
x_0=5.61312810638807;
y_0=8.94001346429144;
x_T=5.61858762859297;
y_T=8.93641653966055;
t=1;
a=5.6114113014046;
b=5.61949465813361;
c=8.92914386338144;
d=8.94001346429144;
rho=0;
sigma_x=1;
sigma_y=1;
x_0=5.62137860858526;
y_0=8.93641653966055;
x_T=5.62029216778076;
y_T=8.93950229320088;
t=1;
a=5.61891423949664;
b=5.62300616824267;
c=8.93641653966055;
d=8.94965072989559;
rho=0;
sigma_x=1;
sigma_y=1;
x_0=5.62025589506448;
y_0=8.93950229320088;
x_T=5.614003598945;
y_T=8.93015015231356;
t=1;
a=5.61195951509203;
b=5.62032843918137;
c=8.92905116792674;
d=8.94517616597828;
rho=0;
sigma_x=1;
sigma_y=1;
x_0=5.61916823677692;
y_0=8.93015015231356;
x_T=5.61582515949901;
y_T=8.94667423509043;
t=1;
a=5.61491479398231;
b=5.6196397391773;
c=8.93012372310896;
d=8.94759802330386;
rho=0;
sigma_x=1;
sigma_y=1;
x_0=5.6110822266815;
y_0=8.94667423509043;
x_T=5.6021188208797;
y_T=8.92396408727904;
t=1;
a=5.5950830800294;
b=5.61174026421845;
c=8.92376432831566;
d=8.94667423509043;
rho=0;
sigma_x=1;
sigma_y=1;
x_0=5.60447771546573;
y_0=8.92396408727904;
x_T=5.60433041777585;
y_T=8.92769889461978;
t=1;
a=5.6013436459705;
b=5.60785876601488;
c=8.92396408727904;
d=8.93116866316514;
rho=0;
sigma_x=1;
sigma_y=1;
x_0=5.60675752881392;
y_0=8.92769889461978;
x_T=5.59601167140239;
y_T=8.93875474649594;
t=1;
a=5.59538027480067;
b=5.61265352298826;
c=8.9242570208881;
d=8.94035412108927;
rho=0;
sigma_x=1;
sigma_y=1;
x_0=5.59578889924073;
y_0=8.93875474649594;
x_T=5.60171288979234;
y_T=8.93795406695184;
t=1;
a=5.59281363206215;
b=5.60488252600132;
c=8.93274063486591;
d=8.94013144378514;
rho=0;
sigma_x=1;
sigma_y=1;
x_0=5.60624312710261;
y_0=8.93795406695184;
x_T=5.60315149413116;
y_T=8.94074702782331;
t=1;
a=5.6026721511591;
b=5.61188647456834;
c=8.93795406695184;
d=8.94983239627813;
rho=0;
sigma_x=1;
sigma_y=1;
x_0=5.59660553251642;
y_0=8.94074702782331;
x_T=5.60528717273164;
y_T=8.92902464487427;
t=1;
a=5.59560313800093;
b=5.60594914739081;
c=8.92807032074876;
d=8.94074702782331;
